accountid,amount
0.0.22669842,1
0.0.22669842,1
0.0.22669842,1
0.0.22669842,1
0.0.22669842,1
0.0.22669842,1
0.0.22669842,1
0.0.22669842,1
0.0.22669842,1
0.0.22669842,1
0.0.22669842,1
0.0.22669842,1
0.0.22669842,1
0.0.22669842,1
